animal_id,holding_id,date_of_entry,date_of_exit
FR0103034666,FR71023020,2006-04-27,2015-04-09
FR0103321240,FR71023020,2008-04-03,2013-06-13
FR3931937000,FR71023020,2009-05-13,2014-05-12
FR7120001530,FR71023020,2011-01-05,2016-05-20
FR7120001534,FR71023020,2011-01-17,NULL
FR7120001536,FR71023020,2011-01-29,NULL
FR7120001539,FR71023020,2011-02-26,NULL
FR7120001540,FR71023020,2011-05-11,2016-05-03
FR7120001541,FR71023020,2011-05-19,NULL
FR7120001542,FR71023020,2011-07-29,NULL
FR7120001546,FR71023020,2011-09-10,NULL
FR7120001547,FR71023020,2011-09-10,2016-05-20
FR7120001548,FR71023020,2011-09-20,NULL
FR7120001549,FR71023020,2011-09-26,2016-05-20
FR7120001551,FR71023020,2011-09-26,NULL
FR7120001552,FR71023020,2011-09-26,NULL
FR7120001555,FR71023020,2011-09-30,NULL
FR7120001559,FR71023020,2011-10-08,NULL
FR7120001566,FR71023020,2011-10-23,NULL
FR7120001568,FR71023020,2011-10-28,NULL
FR7120001569,FR71023020,2011-10-29,NULL
FR7120001570,FR71023020,2011-10-29,NULL
FR7120001571,FR71023020,2011-10-31,NULL
FR7120001574,FR71023020,2011-11-06,NULL
FR7120001578,FR71023020,2011-11-25,NULL
FR7120001581,FR71023020,2011-12-25,2016-05-03
FR7120001583,FR71023020,2011-12-30,2015-09-22
FR7120001584,FR71023020,2011-12-31,NULL
FR7120001586,FR71023020,2013-07-26,2013-07-26
FR7120002793,FR71023020,2012-01-16,2015-12-08
FR7120002799,FR71023020,2012-07-20,2015-06-10
FR7120002800,FR71023020,2012-07-27,NULL
FR7120002801,FR71023020,2012-08-13,NULL
FR7120002802,FR71023020,2012-08-23,NULL
FR7120002807,FR71023020,2012-09-09,NULL
FR7120002810,FR71023020,2012-09-12,2016-02-01
FR7120002811,FR71023020,2012-09-18,NULL
FR7120002815,FR71023020,2012-09-21,NULL
FR7120002816,FR71023020,2012-09-21,NULL
FR7120002819,FR71023020,2012-09-27,NULL
FR7120002824,FR71023020,2012-10-07,2015-06-10
FR7120002830,FR71023020,2012-10-20,NULL
FR7120002834,FR71023020,2012-10-26,NULL
FR7120002839,FR71023020,2012-11-08,2016-05-20
FR7120002840,FR71023020,2012-11-10,2013-11-22
FR7120002841,FR71023020,2012-11-12,2016-05-20
FR7120002843,FR71023020,2012-11-28,NULL
FR7120002847,FR71023020,2012-12-06,NULL
FR7120002848,FR71023020,2012-12-10,NULL
FR7120002849,FR71023020,2012-12-10,2013-01-03
FR7120002850,FR71023020,2012-12-12,NULL
FR7120003679,FR71023020,2012-12-12,NULL
FR7120003680,FR71023020,2012-12-12,2013-01-03
FR7120003682,FR71023020,2012-12-14,NULL
FR7120003683,FR71023020,2012-12-21,2015-12-08
FR7120003684,FR71023020,2013-01-14,2013-11-22
FR7120003685,FR71023020,2013-01-27,2013-07-11
FR7120003686,FR71023020,2013-01-28,NULL
FR7120003687,FR71023020,2013-03-30,2013-04-15
FR7120003688,FR71023020,2013-05-27,2013-06-18
FR7120003689,FR71023020,2013-08-05,2013-08-27
FR7120003690,FR71023020,2013-08-10,NULL
FR7120003691,FR71023020,2013-08-29,2013-09-12
FR7120003692,FR71023020,2013-09-17,NULL
FR7120003693,FR71023020,2013-09-17,2013-10-03
FR7120003694,FR71023020,2013-09-22,2013-10-10
FR7120003695,FR71023020,2013-09-20,NULL
FR7120003696,FR71023020,2013-09-21,NULL
FR7120003697,FR71023020,2013-09-26,NULL
FR7120003698,FR71023020,2013-09-25,2016-06-08
FR7120003699,FR71023020,2013-09-26,2013-10-10
FR7120003700,FR71023020,2013-09-26,NULL
FR7120003701,FR71023020,2013-09-26,2016-06-08
FR7120003702,FR71023020,2013-09-28,NULL
FR7120003703,FR71023020,2013-09-28,NULL
FR7120003704,FR71023020,2013-09-29,NULL
FR7120003705,FR71023020,2013-09-29,NULL
FR7120003706,FR71023020,2013-10-03,NULL
FR7120003707,FR71023020,2013-10-03,2013-10-17
FR7120003708,FR71023020,2013-10-03,2013-10-17
FR7120003709,FR71023020,2013-10-10,NULL
FR7120003710,FR71023020,2013-10-10,2013-10-24
FR7120003711,FR71023020,2013-10-10,2013-10-24
FR7120003712,FR71023020,2013-10-14,NULL
FR7120003713,FR71023020,2013-10-17,NULL
FR7120003714,FR71023020,2013-10-21,NULL
FR7120003715,FR71023020,2013-10-22,NULL
FR7120003716,FR71023020,2013-10-23,2013-11-07
FR7120003717,FR71023020,2013-10-24,NULL
FR7120003718,FR71023020,2013-10-24,NULL
FR7120003719,FR71023020,2013-10-24,2013-11-07
FR7120003720,FR71023020,2013-10-28,2013-11-14
FR7120003721,FR71023020,2013-11-05,2013-11-21
FR7120003722,FR71023020,2013-11-07,2013-11-21
FR7120003723,FR71023020,2013-11-08,2013-11-28
FR7120003724,FR71023020,2013-11-08,2013-11-28
FR7120003725,FR71023020,2013-11-09,NULL
FR7120003726,FR71023020,2013-11-11,2013-11-28
FR7120003727,FR71023020,2013-11-20,2013-11-20
FR7120003728,FR71023020,2013-11-21,NULL
FR7120003729,FR71023020,2013-11-28,NULL
FR7120003730,FR71023020,2013-11-29,2013-12-12
FR7120003731,FR71023020,2013-11-30,2013-12-12
FR7120003732,FR71023020,2013-12-06,NULL
FR7120003733,FR71023020,2013-12-15,2014-01-03
FR7120003734,FR71023020,2013-12-20,2014-12-02
FR7120003735,FR71023020,2013-12-20,NULL
FR7120003736,FR71023020,2013-12-30,2016-05-06
FR7120004820,FR71023020,2004-09-12,2013-06-13
FR7120004825,FR71023020,2004-09-18,2015-06-10
FR7120004830,FR71023020,2004-09-22,2016-05-20
FR7120004833,FR71023020,2004-09-28,2015-12-08
FR7120004840,FR71023020,2004-10-15,2013-04-11
FR7120008623,FR71023020,2008-01-21,2014-05-12
FR7120008624,FR71023020,2008-01-29,2014-10-01
FR7120008632,FR71023020,2008-05-03,2016-05-03
FR7120008638,FR71023020,2008-08-21,2014-12-29
FR7120008639,FR71023020,2008-08-21,2013-06-13
FR7120008641,FR71023020,2008-08-30,2013-08-13
FR7120008642,FR71023020,2008-08-30,2013-06-13
FR7120008643,FR71023020,2008-09-01,NULL
FR7120008644,FR71023020,2008-09-06,2015-02-12
FR7120008645,FR71023020,2008-09-09,2015-06-10
FR7120008651,FR71023020,2008-09-24,NULL
FR7120008652,FR71023020,2008-09-25,2013-06-13
FR7120008655,FR71023020,2008-09-27,2014-10-09
FR7120008658,FR71023020,2008-10-02,2014-05-06
FR7120008659,FR71023020,2008-10-02,2014-10-01
FR7120008662,FR71023020,2008-10-07,2015-05-19
FR7120008666,FR71023020,2008-10-09,2013-06-13
FR7120008668,FR71023020,2008-10-10,2015-05-19
FR7120008671,FR71023020,2008-10-18,2015-04-09
FR7120008674,FR71023020,2008-11-11,2014-05-12
FR7120009571,FR71023020,2009-02-02,2014-05-12
FR7120009572,FR71023020,2009-02-27,2014-07-15
FR7120009577,FR71023020,2009-06-05,NULL
FR7120009578,FR71023020,2009-07-11,2015-05-19
FR7120009581,FR71023020,2009-09-04,2014-05-12
FR7120009582,FR71023020,2009-09-05,2015-05-19
FR7120009583,FR71023020,2009-09-06,2015-09-22
FR7120009592,FR71023020,2009-09-15,NULL
FR7120009593,FR71023020,2009-09-16,2015-05-19
FR7120009595,FR71023020,2009-09-17,2014-05-12
FR7120009596,FR71023020,2009-09-17,2015-05-19
FR7120009598,FR71023020,2009-09-19,NULL
FR7120009599,FR71023020,2009-09-20,2015-05-19
FR7120009600,FR71023020,2009-09-20,NULL
FR7120009601,FR71023020,2009-09-22,2016-08-02
FR7120009602,FR71023020,2009-09-24,NULL
FR7120009603,FR71023020,2009-09-28,NULL
FR7120009604,FR71023020,2009-10-01,2014-12-29
FR7120009607,FR71023020,2009-10-01,NULL
FR7120009609,FR71023020,2009-10-03,NULL
FR7120009613,FR71023020,2009-10-07,2015-02-12
FR7120009614,FR71023020,2009-10-12,2015-12-08
FR7120009621,FR71023020,2009-10-27,2016-05-03
FR7120009627,FR71023020,2009-11-15,2016-01-19
FR7120009629,FR71023020,2009-11-19,2015-05-19
FR7120009631,FR71023020,2009-11-25,2014-05-13
FR7120015619,FR71023020,2005-09-30,2013-06-13
FR7120015622,FR71023020,2005-10-07,2013-06-13
FR7120015624,FR71023020,2005-10-09,2014-12-29
FR7120015644,FR71023020,2005-11-15,2014-10-01
FR7120015646,FR71023020,2005-11-21,2015-05-19
FR7120016446,FR71023020,2006-08-07,2015-06-10
FR7120016448,FR71023020,2006-09-16,2015-06-10
FR7120016457,FR71023020,2006-10-05,2014-05-12
FR7120016458,FR71023020,2006-10-05,2014-05-12
FR7120016460,FR71023020,2006-10-06,2015-03-17
FR7120016465,FR71023020,2006-10-19,2013-04-11
FR7120016471,FR71023020,2006-10-31,2014-11-18
FR7120016482,FR71023020,2006-11-19,2013-06-13
FR7120016484,FR71023020,2006-11-23,2013-06-13
FR7120016487,FR71023020,2006-12-05,2013-06-13
FR7120017823,FR71023020,2007-01-05,2013-09-20
FR7120017843,FR71023020,2007-09-23,2015-06-10
FR7120017847,FR71023020,2007-09-30,2014-10-16
FR7120017851,FR71023020,2007-10-12,2015-02-12
FR7120017857,FR71023020,2007-10-21,NULL
FR7120017858,FR71023020,2007-10-22,2013-11-19
FR7120017873,FR71023020,2007-12-15,2013-06-13
FR7120150278,FR71023020,2010-10-07,2015-11-12
FR7120150279,FR71023020,2010-10-07,2014-12-29
FR7120160819,FR71023020,2010-09-10,2016-05-20
FR7120160821,FR71023020,2010-09-13,2016-06-08
FR7120160822,FR71023020,2010-09-13,NULL
FR7120160832,FR71023020,2010-09-25,NULL
FR7120160836,FR71023020,2010-10-01,NULL
FR7120160837,FR71023020,2010-10-04,NULL
FR7120160838,FR71023020,2010-10-04,NULL
FR7120160840,FR71023020,2010-10-08,NULL
FR7120160841,FR71023020,2010-10-09,NULL
FR7120160842,FR71023020,2010-10-11,2016-02-12
FR7120160843,FR71023020,2010-10-14,2015-06-10
FR7120160844,FR71023020,2010-10-19,2015-05-19
FR7120160845,FR71023020,2010-10-23,2013-10-30
FR7120160846,FR71023020,2010-10-24,NULL
FR7120160847,FR71023020,2010-10-25,NULL
FR7120160848,FR71023020,2010-11-05,2015-10-15
FR7120170053,FR71023020,2010-11-23,2015-05-19
FR7120170054,FR71023020,2010-11-24,2015-06-10
FR7120170055,FR71023020,2010-11-25,2016-05-20
FR7120170057,FR71023020,2010-12-11,NULL
FR7120170058,FR71023020,2010-12-11,2014-05-13
FR7120249899,FR71023020,2009-11-26,2016-05-20
FR7120249900,FR71023020,2009-12-06,2015-09-22
FR7120504620,FR71023020,2014-01-03,NULL
FR7120504621,FR71023020,2014-01-07,2014-01-23
FR7120504622,FR71023020,2014-01-08,NULL
FR7120504623,FR71023020,2014-01-13,2014-02-06
FR7120504624,FR71023020,2014-01-13,2014-01-30
FR7120504625,FR71023020,2014-01-14,2014-01-30
FR7120504626,FR71023020,2014-01-15,NULL
FR7120504627,FR71023020,2014-01-19,2014-02-06
FR7120504628,FR71023020,2014-01-19,2014-02-06
FR7120504629,FR71023020,2014-01-20,2016-06-08
FR7120504630,FR71023020,2014-01-26,2014-02-20
FR7120504631,FR71023020,2014-01-26,2014-03-03
FR7120504632,FR71023020,2014-01-26,NULL
FR7120504633,FR71023020,2014-01-30,2014-02-20
FR7120504634,FR71023020,2014-01-30,2014-02-20
FR7120504635,FR71023020,2014-03-06,NULL
FR7120504636,FR71023020,2014-03-20,2014-04-23
FR7120512319,FR71023020,2002-08-27,2014-05-12
FR7120513604,FR71023020,2003-01-07,2014-12-04
FR7120513668,FR71023020,2003-11-27,2014-05-12
FR1826853054,FR71225004,2014-01-16,2015-03-09
FR1826853056,FR71225004,2014-01-16,2015-03-09
FR2304747518,FR71225004,2005-04-22,NULL
FR2304747520,FR71225004,2005-04-22,NULL
FR2304994610,FR71225004,2006-06-14,2015-07-02
FR2304994617,FR71225004,2006-06-14,2015-12-22
FR2304994655,FR71225004,2006-06-14,2016-04-21
FR2306771920,FR71225004,2007-10-19,NULL
FR2306771938,FR71225004,2007-10-19,NULL
FR2306771946,FR71225004,2007-10-19,NULL
FR2306771950,FR71225004,2007-10-19,2014-06-12
FR2306771974,FR71225004,2007-10-19,NULL
FR2308924832,FR71225004,2008-10-20,NULL
FR2308924899,FR71225004,2008-10-20,NULL
FR2311218061,FR71225004,2013-05-17,2014-01-02
FR2312629459,FR71225004,2013-05-17,2014-01-02
FR2312629465,FR71225004,2013-05-17,2014-01-02
FR2312629496,FR71225004,2013-05-17,2014-01-02
FR2312629504,FR71225004,2013-05-17,2014-01-02
FR2312721188,FR71225004,2013-05-17,2014-04-03
FR2312770555,FR71225004,2013-05-17,2014-04-03
FR2313174007,FR71225004,2014-01-16,2015-03-02
FR2313174009,FR71225004,2014-01-16,2015-03-02
FR2313208527,FR71225004,2014-01-16,2015-03-09
FR2313268289,FR71225004,2014-01-16,2015-03-09
FR2313272149,FR71225004,2014-01-16,2015-03-02
FR2313272167,FR71225004,2014-01-16,2015-03-09
FR2313301323,FR71225004,2014-01-16,2015-02-17
FR3615044426,FR71225004,2005-12-09,2015-11-19
FR3615094159,FR71225004,2005-04-22,NULL
FR3615094160,FR71225004,2005-04-22,2013-03-21
FR3615392009,FR71225004,2013-05-17,2014-01-02
FR3617528882,FR71225004,2008-10-20,2015-12-22
FR3618082603,FR71225004,2013-05-17,2014-01-02
FR3618183818,FR71225004,2014-01-16,2015-03-09
FR3618183819,FR71225004,2014-01-16,2015-03-09
FR3618183822,FR71225004,2014-01-16,2015-03-09
FR3618512728,FR71225004,2013-05-17,2014-01-02
FR3618512735,FR71225004,2013-05-17,2014-01-02
FR3618512749,FR71225004,2013-05-17,2014-01-02
FR3618512755,FR71225004,2013-05-17,2014-01-02
FR3618512760,FR71225004,2013-05-17,2014-01-02
FR6950696259,FR71225004,2013-05-07,2014-04-03
FR6950711074,FR71225004,2013-05-07,2014-04-03
FR6950711080,FR71225004,2013-05-07,2014-01-02
FR6950711081,FR71225004,2013-05-07,2014-01-02
FR6950711087,FR71225004,2013-05-07,2014-04-03
FR6950711095,FR71225004,2013-05-07,2014-04-03
FR7120096785,FR71225004,2006-09-17,2014-02-25
FR7120096787,FR71225004,2006-09-23,2014-06-12
FR7120096789,FR71225004,2006-09-27,2013-11-26
FR7120096790,FR71225004,2006-09-30,NULL
FR7120096793,FR71225004,2006-10-05,2015-06-24
FR7120096794,FR71225004,2006-10-06,2015-12-22
FR7120096802,FR71225004,2006-10-15,2015-07-02
FR7121579249,FR71225004,2009-07-01,2014-03-06
FR7121579251,FR71225004,2009-07-09,NULL
FR7121579253,FR71225004,2009-08-19,2013-07-01
FR7121579260,FR71225004,2009-09-16,2013-03-21
FR7121579265,FR71225004,2009-09-25,2014-06-12
FR7121579268,FR71225004,2009-10-22,2015-02-04
FR7121579274,FR71225004,2009-11-06,2015-02-04
FR7121579277,FR71225004,2009-11-13,2016-04-21
FR7121579279,FR71225004,2009-11-21,2015-12-22
FR7121579280,FR71225004,2009-11-21,NULL
FR7121579281,FR71225004,2009-11-27,NULL
FR7121579284,FR71225004,2009-12-17,NULL
FR7121581262,FR71225004,2010-09-09,2015-07-02
FR7121581263,FR71225004,2010-09-10,NULL
FR7121581264,FR71225004,2010-09-10,2015-07-02
FR7121581265,FR71225004,2010-09-12,2015-12-22
FR7121581268,FR71225004,2010-09-13,NULL
FR7121581269,FR71225004,2010-09-14,2013-10-02
FR7121581273,FR71225004,2010-10-08,NULL
FR7121581274,FR71225004,2010-10-14,NULL
FR7121581277,FR71225004,2010-11-05,2016-01-20
FR7121581278,FR71225004,2010-11-06,2015-07-02
FR7121581279,FR71225004,2010-11-06,2015-05-28
FR7121581280,FR71225004,2010-11-08,2015-03-09
FR7121581281,FR71225004,2010-11-09,2013-10-02
FR7121581288,FR71225004,2010-12-15,2015-08-06
FR7121581291,FR71225004,2011-05-18,2015-07-02
FR7121581292,FR71225004,2011-06-23,2013-04-11
FR7123672420,FR71225004,2011-09-26,2015-07-02
FR7123672421,FR71225004,2011-09-27,2013-04-11
FR7123672422,FR71225004,2011-09-28,2016-04-21
FR7123672423,FR71225004,2011-10-03,2013-05-29
FR7123672424,FR71225004,2011-10-05,2013-04-11
FR7123672425,FR71225004,2011-10-08,2013-04-11
FR7123672426,FR71225004,2011-10-09,2013-08-21
FR7123672427,FR71225004,2011-10-10,NULL
FR7123672428,FR71225004,2011-10-10,2013-04-11
FR7123672430,FR71225004,2011-10-13,2015-07-02
FR7123672431,FR71225004,2011-10-15,2015-07-02
FR7123672432,FR71225004,2011-10-18,2015-07-02
FR7123672433,FR71225004,2011-10-19,2015-02-04
FR7123672434,FR71225004,2011-10-22,2013-05-29
FR7123672435,FR71225004,2011-10-22,2013-05-29
FR7123672437,FR71225004,2011-11-12,2015-10-16
FR7123672438,FR71225004,2011-11-13,2015-07-02
FR7123672439,FR71225004,2011-11-14,NULL
FR7123672440,FR71225004,2011-11-15,2016-03-31
FR7123672441,FR71225004,2011-11-20,2013-05-29
FR7123672442,FR71225004,2011-12-01,NULL
FR7123672443,FR71225004,2011-12-02,2013-05-29
FR7123672444,FR71225004,2011-12-11,NULL
FR7123672445,FR71225004,2011-12-14,2013-08-21
FR7123672446,FR71225004,2011-12-19,2013-07-01
FR7123672447,FR71225004,2012-01-06,2013-05-29
FR7123672448,FR71225004,2012-01-09,2015-07-02
FR7123672449,FR71225004,2012-03-16,2013-08-21
FR7123672450,FR71225004,2012-03-16,2013-08-21
FR7123672451,FR71225004,2012-04-12,2013-08-21
FR7123674112,FR71225004,2013-09-15,NULL
FR7123674113,FR71225004,2013-09-16,2015-09-03
FR7123674114,FR71225004,2013-09-18,NULL
FR7123674115,FR71225004,2013-09-22,2015-09-03
FR7123674116,FR71225004,2013-09-23,NULL
FR7123674117,FR71225004,2013-09-25,2015-09-03
FR7123674118,FR71225004,2013-09-26,2015-08-12
FR7123674119,FR71225004,2013-09-28,2015-09-03
FR7123674120,FR71225004,2013-09-29,NULL
FR7123674121,FR71225004,2013-10-05,2015-09-03
FR7123674122,FR71225004,2013-10-06,NULL
FR7123674123,FR71225004,2013-10-11,NULL
FR7123674124,FR71225004,2013-10-11,2015-09-03
FR7123674125,FR71225004,2013-10-12,NULL
FR7123674126,FR71225004,2013-10-17,2015-09-03
FR7123674127,FR71225004,2013-10-17,2014-01-30
FR7123674128,FR71225004,2013-10-18,2015-10-15
FR7123674129,FR71225004,2013-10-21,2015-09-03
FR7123674130,FR71225004,2013-10-23,2015-10-15
FR7123674131,FR71225004,2013-10-29,2015-10-15
FR7123674132,FR71225004,2013-11-03,NULL
FR7123674133,FR71225004,2013-11-03,NULL
FR7123674134,FR71225004,2013-11-09,NULL
FR7123674135,FR71225004,2013-11-13,2015-10-15
FR7123674136,FR71225004,2013-11-23,NULL
FR7123674137,FR71225004,2013-11-24,2015-10-15
FR7123674138,FR71225004,2013-11-30,NULL
FR7123674139,FR71225004,2013-12-15,NULL
FR7123674140,FR71225004,2013-12-15,NULL
FR7123674141,FR71225004,2013-12-23,2016-04-28
FR7123674142,FR71225004,2013-12-31,NULL
FR7123674143,FR71225004,2014-01-16,2015-10-15
FR7123674144,FR71225004,2014-01-25,NULL
FR7123674145,FR71225004,2014-02-12,2014-02-21
FR7123674146,FR71225004,2014-03-01,NULL
FR7123674147,FR71225004,2014-04-12,2016-03-31
FR7123683358,FR71225004,2012-09-04,2015-09-03
FR7123683359,FR71225004,2012-09-17,2014-11-24
FR7123683360,FR71225004,2012-09-18,NULL
FR7123683361,FR71225004,2012-09-19,NULL
FR7123683362,FR71225004,2012-09-19,NULL
FR7123683363,FR71225004,2012-09-20,NULL
FR7123683364,FR71225004,2012-09-21,2016-04-21
FR7123683365,FR71225004,2012-09-22,2014-08-28
FR7123683366,FR71225004,2012-09-26,2014-08-28
FR7123683367,FR71225004,2012-10-05,2014-08-28
FR7123683369,FR71225004,2012-10-12,2014-11-12
FR7123683370,FR71225004,2012-10-13,2014-11-12
FR7123683371,FR71225004,2012-10-18,NULL
FR7123683372,FR71225004,2012-10-18,2014-08-18
FR7123683373,FR71225004,2012-10-20,2014-08-28
FR7123683374,FR71225004,2012-10-22,2015-09-22
FR7123683375,FR71225004,2012-10-29,2016-07-29
FR7123683377,FR71225004,2012-11-08,NULL
FR7123683378,FR71225004,2012-11-16,NULL
FR7123683379,FR71225004,2012-11-18,NULL
FR7123683380,FR71225004,2012-11-18,NULL
FR7123683381,FR71225004,2012-11-21,2016-07-29
FR7123683382,FR71225004,2012-11-23,2014-11-12
FR7123683383,FR71225004,2012-11-23,2014-11-18
FR7123683384,FR71225004,2012-11-28,NULL
FR7123683385,FR71225004,2012-12-17,2014-11-12
FR7123683386,FR71225004,2012-12-17,2016-07-29
FR7123683387,FR71225004,2012-12-22,NULL
FR7123683388,FR71225004,2012-12-31,2013-01-03
FR7123683389,FR71225004,2013-02-09,2015-02-04
FR7123683390,FR71225004,2013-07-01,2016-04-21
FR7124382660,FR71225004,2012-11-14,2013-08-21
FR7124382662,FR71225004,2012-11-14,2013-07-01
FR7124382669,FR71225004,2012-11-14,2013-08-21
FR7124382670,FR71225004,2012-11-14,NULL
FR7124382672,FR71225004,2012-11-14,2013-07-01
FR7124382675,FR71225004,2012-11-14,2013-08-21
FR7124382684,FR71225004,2012-11-14,2013-08-21
FR7126677560,FR71225004,2007-09-29,2015-12-22
FR7126677562,FR71225004,2007-09-30,2013-10-16
FR7127658689,FR71225004,2008-10-04,2013-03-21
FR7127658696,FR71225004,2008-11-09,2013-03-21
FR7127658707,FR71225004,2008-12-23,2013-03-21
FR7127996372,FR71225004,2006-11-05,2013-10-02
FR7127996373,FR71225004,2006-11-08,2013-07-01
FR0102301705,FR71370042,2011-12-07,2013-06-10
FR0106309654,FR71370042,2011-12-07,2015-08-03
FR1827290617,FR71370042,2010-12-31,2016-06-16
FR5703800459,FR71370042,2012-02-17,NULL
FR5810409133,FR71370042,2012-04-04,NULL
FR6208413802,FR71370042,2014-02-11,NULL
FR7121214708,FR71370042,2004-05-06,2015-08-03
FR7121251108,FR71370042,2001-01-20,2013-10-31
FR7121303972,FR71370042,2003-01-12,2013-06-10
FR7121303981,FR71370042,2003-01-22,2014-09-01
FR7121313019,FR71370042,2003-04-21,2014-09-01
FR7121314494,FR71370042,2004-01-11,2013-06-10
FR7121314541,FR71370042,2004-12-22,2015-07-06
FR7121314542,FR71370042,2004-12-22,2015-04-27
FR7121317775,FR71370042,2007-01-03,NULL
FR7121317786,FR71370042,2007-02-10,2015-08-03
FR7121317798,FR71370042,2007-02-23,2015-12-01
FR7121317807,FR71370042,2007-03-04,2013-06-10
FR7121317820,FR71370042,2007-03-15,2015-08-03
FR7121317832,FR71370042,2007-03-23,NULL
FR7121317845,FR71370042,2007-12-11,2013-02-18
FR7121317846,FR71370042,2007-12-12,NULL
FR7121325559,FR71370042,2005-02-07,2014-09-01
FR7121325582,FR71370042,2005-03-20,2015-07-06
FR7121325615,FR71370042,2005-12-12,2014-09-01
FR7121325618,FR71370042,2005-12-18,2014-01-13
FR7121325619,FR71370042,2005-12-20,2015-08-03
FR7121336645,FR71370042,2006-01-01,2015-08-17
FR7121336649,FR71370042,2006-01-03,2014-07-28
FR7121336677,FR71370042,2006-02-24,2014-09-01
FR7121336685,FR71370042,2006-03-06,2014-09-01
FR7121336692,FR71370042,2006-03-11,2014-09-01
FR7121336695,FR71370042,2006-03-19,2015-08-03
FR7121336698,FR71370042,2006-03-20,2015-08-17
FR7121336708,FR71370042,2006-04-13,2015-08-03
FR7121336711,FR71370042,2006-04-20,2015-08-03
FR7121336723,FR71370042,2006-12-29,2015-08-03
FR7121507669,FR71370042,2010-04-24,2016-01-12
FR7121612291,FR71370042,2012-10-10,2014-01-09
FR7121623471,FR71370042,2013-09-16,2015-08-04
FR7121691620,FR71370042,2013-03-18,2015-06-08
FR7121728171,FR71370042,2009-11-17,2013-05-21
FR7121729215,FR71370042,2009-01-30,2015-01-12
FR7121729221,FR71370042,2009-02-11,NULL
FR7121729227,FR71370042,2009-02-20,2015-12-23
FR7121729228,FR71370042,2009-02-21,2015-01-12
FR7121729230,FR71370042,2009-02-25,2014-09-01
FR7121729231,FR71370042,2009-02-25,2013-06-10
FR7121729234,FR71370042,2009-02-26,2013-06-10
FR7121729237,FR71370042,2009-03-02,NULL
FR7121729239,FR71370042,2009-03-02,2014-05-15
FR7121729258,FR71370042,2009-03-16,NULL
FR7121729262,FR71370042,2009-03-20,NULL
FR7121729285,FR71370042,2009-12-14,NULL
FR7121729287,FR71370042,2009-12-14,2015-08-03
FR7121729289,FR71370042,2009-12-17,NULL
FR7121729290,FR71370042,2009-12-21,NULL
FR7121731183,FR71370042,2011-01-02,NULL
FR7121731184,FR71370042,2011-01-03,2016-05-04
FR7121731187,FR71370042,2011-01-14,NULL
FR7121731188,FR71370042,2011-01-14,2015-04-27
FR7121731189,FR71370042,2011-01-15,NULL
FR7121731194,FR71370042,2011-01-22,2015-07-06
FR7121731195,FR71370042,2011-01-22,NULL
FR7121731197,FR71370042,2011-02-01,2015-08-17
FR7121731199,FR71370042,2011-02-05,NULL
FR7121731200,FR71370042,2011-02-06,NULL
FR7121731210,FR71370042,2011-02-15,NULL
FR7121731211,FR71370042,2011-02-18,2014-10-30
FR7121731213,FR71370042,2011-02-21,NULL
FR7121731215,FR71370042,2011-02-22,2013-09-24
FR7121731217,FR71370042,2011-02-23,NULL
FR7121731221,FR71370042,2011-02-27,2014-10-30
FR7121731223,FR71370042,2011-03-02,2013-09-24
FR7121731225,FR71370042,2011-03-05,NULL
FR7121731228,FR71370042,2011-03-10,2013-10-28
FR7121731229,FR71370042,2011-03-11,NULL
FR7121731246,FR71370042,2011-04-06,2014-10-30
FR7121731256,FR71370042,2011-04-30,2013-09-24
FR7121792159,FR71370042,2011-12-05,2013-07-29
FR7121792160,FR71370042,2011-12-05,2013-07-29
FR7121792162,FR71370042,2011-12-17,NULL
FR7121792165,FR71370042,2011-12-19,2013-04-08
FR7121792167,FR71370042,2011-12-22,2015-08-03
FR7121792168,FR71370042,2011-12-24,2013-03-06
FR7121792169,FR71370042,2011-12-26,2015-12-01
FR7121792170,FR71370042,2011-12-26,2013-03-06
FR7121792172,FR71370042,2011-12-28,2013-04-08
FR7121792174,FR71370042,2011-12-31,2013-03-06
FR7121792175,FR71370042,2012-01-10,NULL
FR7121792176,FR71370042,2012-01-12,2015-01-12
FR7121792180,FR71370042,2012-01-20,2013-04-08
FR7121792183,FR71370042,2012-01-24,NULL
FR7121792184,FR71370042,2012-01-25,NULL
FR7121792185,FR71370042,2012-01-26,2013-03-06
FR7121792186,FR71370042,2012-01-30,2015-01-12
FR7121792187,FR71370042,2012-01-30,2015-08-17
FR7121792188,FR71370042,2012-01-30,NULL
FR7121792189,FR71370042,2012-02-01,NULL
FR7121792190,FR71370042,2012-02-02,2013-03-06
FR7121792191,FR71370042,2012-02-02,2015-12-23
FR7121792193,FR71370042,2012-02-04,2013-04-08
FR7121792194,FR71370042,2012-02-05,2013-04-08
FR7121792195,FR71370042,2012-02-05,NULL
FR7121792197,FR71370042,2012-02-06,2013-07-29
FR7121792199,FR71370042,2012-02-11,2013-03-06
FR7121792200,FR71370042,2012-02-11,2013-03-06
FR7121792201,FR71370042,2012-02-12,2015-08-17
FR7121792202,FR71370042,2012-02-12,2013-11-04
FR7121792203,FR71370042,2012-02-12,2013-03-06
FR7121792204,FR71370042,2012-02-15,2013-04-08
FR7121792205,FR71370042,2012-02-16,2013-04-08
FR7121792206,FR71370042,2012-02-16,2013-03-06
FR7121792207,FR71370042,2012-02-17,2015-08-17
FR7121792208,FR71370042,2012-02-17,2013-03-06
FR7121792209,FR71370042,2012-02-18,2013-03-06
FR7121792210,FR71370042,2012-02-18,2013-04-08
FR7121792211,FR71370042,2012-02-19,2013-07-29
FR7121792212,FR71370042,2012-02-20,2014-09-01
FR7121792213,FR71370042,2012-02-26,2013-03-06
FR7121792214,FR71370042,2012-02-27,NULL
FR7121792215,FR71370042,2012-02-29,NULL
FR7121792216,FR71370042,2012-03-01,2013-03-06
FR7121792217,FR71370042,2012-03-02,2013-03-06
FR7121792219,FR71370042,2012-03-05,2013-04-08
FR7121792220,FR71370042,2012-03-10,2013-03-06
FR7121792221,FR71370042,2012-03-10,2015-08-17
FR7121792222,FR71370042,2012-03-12,NULL
FR7121792225,FR71370042,2012-03-12,2013-04-08
FR7121792226,FR71370042,2012-03-14,2013-07-29
FR7121792228,FR71370042,2012-03-17,2015-04-27
FR7121792229,FR71370042,2012-03-19,2013-04-10
FR7121792230,FR71370042,2012-03-19,2013-04-08
FR7121792232,FR71370042,2012-03-19,2013-04-10
FR7121792233,FR71370042,2012-03-20,2013-04-10
FR7121792234,FR71370042,2012-03-21,2015-08-17
FR7121792235,FR71370042,2012-03-21,2013-04-08
FR7121792236,FR71370042,2012-03-21,2013-04-10
FR7121792237,FR71370042,2012-03-25,2013-04-10
FR7121792239,FR71370042,2012-03-26,2013-04-10
FR7121792240,FR71370042,2012-03-26,2015-04-27
FR7121792241,FR71370042,2012-03-29,2013-04-10
FR7121792242,FR71370042,2012-03-30,2013-04-10
FR7121792243,FR71370042,2012-04-02,2013-03-06
FR7121792244,FR71370042,2012-04-03,2013-07-29
FR7121792245,FR71370042,2012-04-10,2013-04-10
FR7121792246,FR71370042,2012-05-02,2013-04-10
FR7121792247,FR71370042,2012-05-08,2013-08-13
FR7121808714,FR71370042,2008-01-13,2014-10-30
FR7121808715,FR71370042,2008-01-16,2015-04-28
FR7121808720,FR71370042,2008-01-27,2013-02-14
FR7121808727,FR71370042,2008-02-04,NULL
FR7121808728,FR71370042,2008-02-04,NULL
FR7121808746,FR71370042,2008-02-15,NULL
FR7121808748,FR71370042,2008-02-16,2015-03-16
FR7121808771,FR71370042,2008-03-18,2014-09-01
FR7121808783,FR71370042,2008-04-29,NULL
FR7121808789,FR71370042,2008-12-01,NULL
FR7121808795,FR71370042,2008-12-05,NULL
FR7121808796,FR71370042,2008-12-07,NULL
FR7121810021,FR71370042,2009-12-27,2013-10-28
FR7121810024,FR71370042,2009-12-30,NULL
FR7121810026,FR71370042,2010-01-02,NULL
FR7121810028,FR71370042,2010-01-07,NULL
FR7121810032,FR71370042,2010-01-09,2013-02-18
FR7121810034,FR71370042,2010-01-11,2014-10-30
FR7121810038,FR71370042,2010-01-24,2013-02-18
FR7121810042,FR71370042,2010-02-05,2013-06-10
FR7121810045,FR71370042,2010-02-13,2014-10-30
FR7121810048,FR71370042,2010-02-14,NULL
FR7121810050,FR71370042,2010-02-16,NULL
FR7121810052,FR71370042,2010-02-17,2014-09-01
FR7121810053,FR71370042,2010-02-18,2014-09-01
FR7121810054,FR71370042,2010-02-20,NULL
FR7121810065,FR71370042,2010-03-17,NULL
FR7121810077,FR71370042,2010-04-09,2015-01-12
FR7121810082,FR71370042,2010-04-22,NULL
FR7121813084,FR71370042,2012-11-02,2015-11-02
FR7121813085,FR71370042,2012-12-14,2014-02-10
FR7121813087,FR71370042,2012-12-15,NULL
FR7121813088,FR71370042,2012-12-18,NULL
FR7121813089,FR71370042,2012-12-19,2014-01-21
FR7121813091,FR71370042,2012-12-19,2014-01-21
FR7121813093,FR71370042,2012-12-19,NULL
FR7121813094,FR71370042,2012-12-19,2014-07-16
FR7121813095,FR71370042,2012-12-19,2014-01-21
FR7121813096,FR71370042,2012-12-19,NULL
FR7121813097,FR71370042,2012-12-21,2014-02-10
FR7121813098,FR71370042,2012-12-21,NULL
FR7121813099,FR71370042,2012-12-21,2014-01-09
FR7121813100,FR71370042,2012-12-21,2014-02-10
FR7121813101,FR71370042,2012-12-21,NULL
FR7121813102,FR71370042,2012-12-22,2014-01-21
FR7121813103,FR71370042,2012-12-22,NULL
FR7121813104,FR71370042,2012-12-22,2014-02-10
FR7121813105,FR71370042,2012-12-23,2014-07-16
FR7121813106,FR71370042,2012-12-24,2014-02-10
FR7121813107,FR71370042,2012-12-25,NULL
FR7121813108,FR71370042,2012-12-26,2013-01-21
FR7121813111,FR71370042,2012-12-30,2014-07-16
FR7121813113,FR71370042,2013-01-03,2014-01-21
FR7121813115,FR71370042,2013-01-05,2013-07-23
FR7121813117,FR71370042,2013-01-07,NULL
FR7121813118,FR71370042,2013-01-10,2014-04-07
FR7121813119,FR71370042,2013-01-12,2014-02-10
FR7121813120,FR71370042,2013-01-12,NULL
FR7121813121,FR71370042,2013-01-13,2014-02-10
FR7121813122,FR71370042,2013-01-13,NULL
FR7121813123,FR71370042,2013-01-15,2014-02-10
FR7121813125,FR71370042,2013-01-22,2013-04-22
FR7121813126,FR71370042,2013-01-24,2014-02-10
FR7121813127,FR71370042,2013-01-25,2014-02-10
FR7121813128,FR71370042,2013-01-25,2014-02-10
FR7121813129,FR71370042,2013-01-30,2014-02-10
FR7121813130,FR71370042,2013-01-30,NULL
FR7121813131,FR71370042,2013-02-01,NULL
FR7121813132,FR71370042,2013-02-03,2014-02-10
FR7121813133,FR71370042,2013-02-04,NULL
FR7121813134,FR71370042,2013-02-05,2014-02-10
FR7121813137,FR71370042,2013-02-07,2014-01-21
FR7121813138,FR71370042,2013-02-08,NULL
FR7121813139,FR71370042,2013-02-09,NULL
FR7121813140,FR71370042,2013-02-12,2014-04-07
FR7121813141,FR71370042,2013-02-13,2014-01-21
FR7121813142,FR71370042,2013-02-16,NULL
FR7121813143,FR71370042,2013-02-19,2014-02-10
FR7121813144,FR71370042,2013-02-20,2014-02-10
FR7121813145,FR71370042,2013-02-23,2014-02-10
FR7121813146,FR71370042,2013-02-26,2014-02-10
FR7121813147,FR71370042,2013-02-26,2014-02-10
FR7121813148,FR71370042,2013-03-02,2013-11-14
FR7121813150,FR71370042,2013-03-06,2014-02-10
FR7121813152,FR71370042,2013-03-14,NULL
FR7121813153,FR71370042,2013-03-21,NULL
FR7121813154,FR71370042,2013-03-21,2014-02-10
FR7121813155,FR71370042,2013-03-25,2014-07-16
FR7121813157,FR71370042,2013-03-26,2014-07-16
FR7121813159,FR71370042,2013-03-28,2014-02-10
FR7121813160,FR71370042,2013-03-29,2013-07-23
FR7121813163,FR71370042,2013-03-30,2015-11-02
FR7121813164,FR71370042,2013-03-30,2014-02-10
FR7121813165,FR71370042,2013-04-02,2013-04-12
FR7121813166,FR71370042,2013-04-03,2014-02-10
FR7121813167,FR71370042,2013-04-11,2014-07-16
FR7121813168,FR71370042,2013-04-14,2015-11-02
FR7121813169,FR71370042,2013-04-16,2015-11-02
FR7121813170,FR71370042,2013-04-21,2014-01-06
FR7122134925,FR71370042,2013-12-19,NULL
FR7122134926,FR71370042,2013-12-15,NULL
FR7122134927,FR71370042,2013-12-15,2016-02-03
FR7122134928,FR71370042,2013-12-16,2015-01-12
FR7122134929,FR71370042,2013-12-16,NULL
FR7122134930,FR71370042,2013-12-19,2015-01-12
FR7122134931,FR71370042,2013-12-18,2014-09-12
FR7122134932,FR71370042,2013-12-18,2015-01-12
FR7122134933,FR71370042,2013-12-21,2015-01-12
FR7122134934,FR71370042,2013-12-23,NULL
FR7122134935,FR71370042,2013-12-24,NULL
FR7122134936,FR71370042,2013-12-24,NULL
FR7122134937,FR71370042,2013-12-26,2015-01-08
FR7122134938,FR71370042,2013-12-28,2015-01-12
FR7122134939,FR71370042,2013-12-28,NULL
FR7122134941,FR71370042,2013-12-31,NULL
FR7122134942,FR71370042,2014-01-03,2015-04-02
FR7122134943,FR71370042,2014-01-05,2015-02-24
FR7122134944,FR71370042,2014-01-09,NULL
FR7122134945,FR71370042,2014-01-09,2015-04-02
FR7122134946,FR71370042,2014-01-09,NULL
FR7122134947,FR71370042,2014-01-13,2015-02-24
FR7122134948,FR71370042,2014-01-13,2015-02-24
FR7122134949,FR71370042,2014-01-15,2014-12-08
FR7122134950,FR71370042,2014-01-15,2015-04-02
FR7122134951,FR71370042,2014-01-23,2014-02-01
FR7122134952,FR71370042,2014-01-17,2015-01-12
FR7122134953,FR71370042,2014-01-17,NULL
FR7122134954,FR71370042,2014-01-20,2015-01-12
FR7122134955,FR71370042,2014-01-18,2014-01-24
FR7122134956,FR71370042,2014-01-20,NULL
FR7122134957,FR71370042,2014-01-20,2015-02-24
FR7122134958,FR71370042,2014-01-21,2015-01-12
FR7122134959,FR71370042,2014-01-24,2015-02-24
FR7122134960,FR71370042,2014-01-28,NULL
FR7122134961,FR71370042,2014-01-30,NULL
FR7122134962,FR71370042,2014-01-30,2015-02-24
FR7122134963,FR71370042,2014-02-02,2015-02-24
FR7122134964,FR71370042,2014-02-05,2014-02-20
FR7122134965,FR71370042,2014-02-05,NULL
FR7122134966,FR71370042,2014-02-05,NULL
FR7122134967,FR71370042,2014-02-06,NULL
FR7122134968,FR71370042,2014-02-08,NULL
FR7122134969,FR71370042,2014-02-06,2016-01-18
FR7122134970,FR71370042,2014-02-07,NULL
FR7122134971,FR71370042,2014-02-09,2015-10-12
FR7122134972,FR71370042,2014-02-10,2015-02-24
FR7122134973,FR71370042,2014-02-11,2015-02-24
FR7122134974,FR71370042,2014-02-12,NULL
FR7122134975,FR71370042,2014-02-14,NULL
FR7122134976,FR71370042,2014-02-14,2015-02-24
FR7122134977,FR71370042,2014-02-15,2015-02-24
FR7122134978,FR71370042,2014-02-16,2015-02-24
FR7122134979,FR71370042,2014-02-16,2015-02-24
FR7122134980,FR71370042,2014-02-17,NULL
FR7122134981,FR71370042,2014-02-19,2015-02-24
FR7122134982,FR71370042,2014-02-20,2015-06-16
FR7122134983,FR71370042,2014-02-21,2015-04-02
FR7122134984,FR71370042,2014-02-21,2015-06-16
FR7122134985,FR71370042,2014-02-22,2015-06-16
FR7122134986,FR71370042,2014-02-24,2015-06-16
FR7122134987,FR71370042,2014-02-25,2015-02-24
FR7122134988,FR71370042,2014-02-27,2015-04-02
FR7122134989,FR71370042,2014-03-03,NULL
FR7122134990,FR71370042,2014-03-03,2015-06-16
FR7122134991,FR71370042,2014-03-04,2015-06-16
FR7122134992,FR71370042,2014-03-04,2015-06-16
FR7122134993,FR71370042,2014-03-06,NULL
FR7122134994,FR71370042,2014-03-06,NULL
FR7122134995,FR71370042,2014-03-08,NULL
FR7122134996,FR71370042,2014-03-10,NULL
FR7122134997,FR71370042,2014-03-11,2014-04-06
FR7122134998,FR71370042,2014-03-11,2015-02-24
FR7122134999,FR71370042,2014-03-12,2015-02-24
FR7122144000,FR71370042,2014-03-18,NULL
FR7122144001,FR71370042,2014-03-19,2014-04-06
FR7122144002,FR71370042,2014-03-20,2015-02-24
FR7122144003,FR71370042,2014-03-21,2015-06-16
FR7122144004,FR71370042,2014-03-26,2015-06-16
FR7122144005,FR71370042,2014-03-28,2015-06-16
FR7122144006,FR71370042,2014-03-30,2015-06-16
FR7122144007,FR71370042,2014-03-30,2015-06-16
FR7122144008,FR71370042,2014-03-31,2015-02-24
FR7122144009,FR71370042,2014-03-31,NULL
FR7122144010,FR71370042,2014-04-11,2015-06-16
FR7122144011,FR71370042,2014-04-10,2015-02-24
FR7122144012,FR71370042,2014-04-11,2015-06-16
FR7122144013,FR71370042,2014-06-17,2015-02-28
